id,img_path,category,category_abbr,subcategory,subcategory_id,legacy_code,legacy_img_path
DK001,DK001.jpg,Design & Knowledge,DK,Tech,51,DK23,5101.jpg
DK002,DK002.jpeg,Design & Knowledge,DK,Tech,51,DK24,5102.jpeg
DK003,DK003.jpeg,Design & Knowledge,DK,Tech,51,DK25,5103.jpeg
DK004,DK004.jpeg,Design & Knowledge,DK,Tech,51,DK26,5104.jpeg
DK005,DK005.webp,Design & Knowledge,DK,Tech,51,DK27,5105.webp
DK006,DK006.jpeg,Design & Knowledge,DK,Tech,51,DK28,5106.jpeg
DK007,DK007.jpeg,Design & Knowledge,DK,Tech,51,DK29,5107.jpeg
DK008,DK008.webp,Design & Knowledge,DK,Tech,51,DK30,5108.webp
DK009,DK009.jpg,Design & Knowledge,DK,Tech,52,DK31,5201.jpg
DK010,DK010.jpeg,Design & Knowledge,DK,Tech,52,DK32,5202.jpeg
DK011,DK011.jpg,Design & Knowledge,DK,Tech,52,DK33,5203.jpg
DK012,DK012.png,Design & Knowledge,DK,Tech,52,DK34,5204.png
DK013,DK013.jpg,Design & Knowledge,DK,Tech,53,DK35,5301.jpg
DK014,DK014.jpg,Design & Knowledge,DK,Tech,53,DK36,5302.jpg
DK015,DK015.jpg,Design & Knowledge,DK,Tech,53,DK37,5303.jpg
DK016,DK016.jpeg,Design & Knowledge,DK,Tech,53,DK38,5304.jpeg
DK017,DK017.jpeg,Design & Knowledge,DK,Tech,53,DK39,5305.jpeg
DK018,DK018.jpg,Design & Knowledge,DK,Tech,53,DK40,5306.jpg
DK019,DK019.png,Design & Knowledge,DK,Tech,53,DK41,5307.jpg.png
DK020,DK020.jpg,Design & Knowledge,DK,Tech,54,DK42,5401.jpg
DK021,DK021.jpg,Design & Knowledge,DK,Tech,54,DK43,5402.jpg
DK022,DK022.webp,Design & Knowledge,DK,Tech,54,DK44,5403.webp
DK023,DK023.jpeg,Design & Knowledge,DK,Tech,54,DK45,5404.jpeg
DK024,DK024.jpg,Design & Knowledge,DK,Tech,54,DK46,5405.jpg
DK025,DK025.jpeg,Design & Knowledge,DK,Tech,54,DK47,5406.jpeg
DK026,DK026.webp,Design & Knowledge,DK,Tech,54,DK48,5407.webp
DK027,DK027.jpeg,Design & Knowledge,DK,Tech,54,DK49,5408.jpeg
DK028,DK028.jpeg,Design & Knowledge,DK,Tech,54,DK50,5409.jpeg
DK029,DK029.webp,Design & Knowledge,DK,Tech,54,DK51,5410.webp
DK030,DK030.jpg,Design & Knowledge,DK,Print,41,DK1,4101.jpg
DK031,DK031.png,Design & Knowledge,DK,Print,41,DK2,4102.png
DK032,DK032.jpeg,Design & Knowledge,DK,Print,41,DK3,4103.jpeg
DK033,DK033.jpeg,Design & Knowledge,DK,Print,41,DK4,4104.jpeg
DK034,DK034.jpg,Design & Knowledge,DK,Print,41,DK5,4105.jpg
DK035,DK035.jpeg,Design & Knowledge,DK,Print,41,DK6,4106.jpeg
DK036,DK036.jpeg,Design & Knowledge,DK,Digital,42,DK7,4201.jpeg
DK037,DK037.jpg,Design & Knowledge,DK,Digital,42,DK8,4202.jpg
DK038,DK038.png,Design & Knowledge,DK,Digital,42,DK9,4203.png
DK039,DK039.webp,Design & Knowledge,DK,Digital,42,DK10,4204.webp
DK040,DK040.jpg,Design & Knowledge,DK,Digital,44,DK17,4401.jpg
DK041,DK041.jpeg,Design & Knowledge,DK,Digital,44,DK18,4402.jpeg
DK042,DK042.jpg,Design & Knowledge,DK,Digital,44,DK19,4403.jpg
DK043,DK043.jpg,Design & Knowledge,DK,Digital,44,DK20,4404.jpg
DK044,DK044.png,Design & Knowledge,DK,Digital,44,DK21,4405.png
DK045,DK045.jpg,Design & Knowledge,DK,Digital,44,DK22,4406.jpg
DK046,DK046.jpg,Design & Knowledge,DK,Print,41,DK52,7007.jpg
DK047,DK047.jpeg,Design & Knowledge,DK,Brand,43,DK11,4301.jpeg
DK048,DK048.jpeg,Design & Knowledge,DK,Brand,43,DK12,4302.jpeg
DK049,DK049.jpeg,Design & Knowledge,DK,Brand,43,DK13,4303.jpeg
DK050,DK050.jpeg,Design & Knowledge,DK,Brand,43,DK14,4304.jpeg
DK051,DK051.jpg,Design & Knowledge,DK,Brand,43,DK15,4305.jpg
DK052,DK052.jpeg,Design & Knowledge,DK,Brand,43,DK16,4306.jpeg
PA001,PA001.jpg,People & Activity,PA,Sports,66,PA44,6501.jpg
PA002,PA002.jpg,People & Activity,PA,Sports,66,PA45,6502.jpg
PA003,PA003.jpg,People & Activity,PA,Sports,66,PA46,6503.jpg
PA004,PA004.jpg,People & Activity,PA,Sports,66,PA47,6504.jpg
PA005,PA005.jpg,People & Activity,PA,Sports,66,PA48,6505.jpg
PA006,PA006.jpg,People & Activity,PA,Sports,66,PA49,6506.jpg
PA007,PA007.jpg,People & Activity,PA,Sports,66,PA50,6507.jpg
PA008,PA008.jpg,People & Activity,PA,Sports,66,PA51,6508.jpg
PA009,PA009.jpeg,People & Activity,PA,Sports,66,PA52,6509.jpeg
PA010,PA010.jpg,People & Activity,PA,Sports,66,PA53,6510.jpg
PA011,PA011.jpeg,People & Activity,PA,Sports,66,PA54,6511.jpeg
PA012,PA012.jpg,People & Activity,PA,Sports,66,PA55,6512.jpg
PA013,PA013.jpg,People & Activity,PA,Sports,66,PA56,6513.jpg
PA014,PA014.jpeg,People & Activity,PA,Sports,66,PA57,6514.jpeg
PA015,PA015.webp,People & Activity,PA,Sports,66,PA58,6515.webp
PA016,PA016.webp,People & Activity,PA,Sports,66,PA59,6516.webp
PA017,PA017.jpg,People & Activity,PA,Sports,66,PA60,6517.jpg
PA018,PA018.webp,People & Activity,PA,Sports,66,PA61,6518.webp
PA019,PA019.jpg,People & Activity,PA,Sports,66,PA62,7003.jpg
PA020,PA020.jpg,People & Activity,PA,Games,63G,PA27,6302.jpg
PA021,PA021.jpg,People & Activity,PA,Games,63G,PA32,6307.jpg
PA022,PA022.jpeg,People & Activity,PA,Games,63G,PA36,6311.jpeg
PA023,PA023.jpeg,People & Activity,PA,Games,63G,PA39,6314.jpeg
PA024,PA024.jpg,People & Activity,PA,Games,63G,PA40,6315.jpg
PA025,PA025.jpeg,People & Activity,PA,Games,63G,PA42,6317.jpeg
PA026,PA026.jpg,People & Activity,PA,Movies,63M,PA26,6301.jpg
PA027,PA027.jpg,People & Activity,PA,Movies,63M,PA28,6303.jpg
PA028,PA028.jpg,People & Activity,PA,Movies,63M,PA29,6304.jpg
PA029,PA029.jpg,People & Activity,PA,Movies,63M,PA30,6305.jpg
PA030,PA030.jpg,People & Activity,PA,Movies,63M,PA31,6306.jpg
PA031,PA031.jpg,People & Activity,PA,Movies,63M,PA33,6308.jpg
PA032,PA032.png,People & Activity,PA,Movies,63M,PA35,6310.png
PA033,PA033.jpeg,People & Activity,PA,Movies,63M,PA37,6312.jpeg
PA034,PA034.jpeg,People & Activity,PA,Movies,63M,PA41,6316.jpeg
PA035,PA035.webp,People & Activity,PA,Movies,63M,PA43,6318.webp
PA036,PA036.jpg,People & Activity,PA,Portraits,13,PA1,1301.jpg
PA037,PA037.jpg,People & Activity,PA,Portraits,13,PA2,1302.jpg
PA038,PA038.jpg,People & Activity,PA,Portraits,13,PA3,1303.jpg
PA039,PA039.jpg,People & Activity,PA,Portraits,13,PA4,1304.jpg
PA040,PA040.jpg,People & Activity,PA,Portraits,13,PA5,1305.jpg
PA041,PA041.jpg,People & Activity,PA,Portraits,13,PA6,1306.jpg
PA042,PA042.jpg,People & Activity,PA,Portraits,13,PA7,1307.jpg
PA043,PA043.jpg,People & Activity,PA,Portraits,13,PA8,1308.jpg
PA044,PA044.jpg,People & Activity,PA,Portraits,13,PA9,1309.jpg
PA045,PA045.jpg,People & Activity,PA,Portraits,13,PA10,1310.jpg
PA046,PA046.png,People & Activity,PA,Portraits,13,PA11,1311.png
PA047,PA047.jpeg,People & Activity,PA,Portraits,13,PA12,1312.jpeg
PA048,PA048.png,People & Activity,PA,Portraits,13,PA13,1313.png
PA049,PA049.jpg,People & Activity,PA,Portraits,13,PA14,1314.jpg
PA050,PA050.jpg,People & Activity,PA,Education,61,PA15,6101.jpg
PA051,PA051.jpg,People & Activity,PA,Education,61,PA16,6102.jpg
PA052,PA052.jpg,People & Activity,PA,Education,61,PA17,6103.jpg
PA053,PA053.jpeg,People & Activity,PA,Education,61,PA18,6104.jpeg
PA054,PA054.jpg,People & Activity,PA,Education,61,PA19,6105.jpg
PA055,PA055.png,People & Activity,PA,Education,61,PA20,6106.png
PA056,PA056.jpeg,People & Activity,PA,Education,61,PA21,6107.jpeg
PA057,PA057.jpeg,People & Activity,PA,Education,61,PA22,6108.jpeg
PA058,PA058.jpg,People & Activity,PA,Education,61,PA23,6109.jpg
PA059,PA059.jpeg,People & Activity,PA,Education,61,PA24,6110.jpeg
PA060,PA060.jpeg,People & Activity,PA,Education,61,PA25,6111.jpeg
SO001,SO001.jpg,Scene & Object,SO,Outdoor,11,SO1,1101.jpg
SO002,SO002.jpg,Scene & Object,SO,Outdoor,11,SO2,1102.jpg
SO003,SO003.jpg,Scene & Object,SO,Outdoor,11,SO3,1103.jpg
SO004,SO004.jpg,Scene & Object,SO,Outdoor,11,SO4,1104.jpg
SO005,SO005.jpg,Scene & Object,SO,Outdoor,11,SO5,1105.jpg
SO006,SO006.jpg,Scene & Object,SO,Outdoor,11,SO6,1106.jpg
SO007,SO007.jpg,Scene & Object,SO,Outdoor,11,SO7,1107.jpg
SO008,SO008.jpg,Scene & Object,SO,Outdoor,11,SO8,1108.jpg
SO009,SO009.jpg,Scene & Object,SO,Outdoor,11,SO9,1109.jpg
SO010,SO010.jpg,Scene & Object,SO,Outdoor,11,SO10,1110.jpg
SO011,SO011.jpg,Scene & Object,SO,Outdoor,11,SO11,1111.jpg
SO012,SO012.jpg,Scene & Object,SO,Outdoor,11,SO12,1112.jpg
SO013,SO013.jpg,Scene & Object,SO,Outdoor,11,SO13,1113.jpg
SO014,SO014.jpg,Scene & Object,SO,Outdoor,11,SO14,1114.jpg
SO015,SO015.jpg,Scene & Object,SO,Outdoor,11,SO15,1115.jpg
SO016,SO016.jpg,Scene & Object,SO,Outdoor,11,SO16,1116.jpg
SO017,SO017.jpg,Scene & Object,SO,Outdoor,11,SO17,1117.jpg
SO018,SO018.jpg,Scene & Object,SO,Outdoor,11,SO18,1118.jpg
SO019,SO019.jpg,Scene & Object,SO,Outdoor,11,SO19,1119.jpg
SO020,SO020.png,Scene & Object,SO,Outdoor,11,SO20,1120.png
SO021,SO021.jpg,Scene & Object,SO,Outdoor,11,SO21,1121.jpg
SO022,SO022.png,Scene & Object,SO,Outdoor,11,SO22,1122.png
SO023,SO023.png,Scene & Object,SO,Outdoor,11,SO23,1123.png
SO024,SO024.jpg,Scene & Object,SO,Outdoor,11,SO24,1124.jpg
SO025,SO025.jpeg,Scene & Object,SO,Outdoor,11,SO25,1125.jpeg
SO026,SO026.jpeg,Scene & Object,SO,Outdoor,11,SO26,1126.jpeg
SO027,SO027.jpeg,Scene & Object,SO,Outdoor,11,SO27,1127.jpeg
SO028,SO028.jpeg,Scene & Object,SO,Outdoor,11,SO28,1128.jpeg
SO029,SO029.jpeg,Scene & Object,SO,Outdoor,11,SO29,1129.jpeg
SO030,SO030.jpg,Scene & Object,SO,Outdoor,11,SO30,1130.jpg
SO031,SO031.webp,Scene & Object,SO,Outdoor,11,SO31,1131.webp
SO032,SO032.webp,Scene & Object,SO,Outdoor,11,SO32,1132.webp
SO033,SO033.jpeg,Scene & Object,SO,Outdoor,11,SO33,1133.jpeg
SO034,SO034.jpeg,Scene & Object,SO,Outdoor,11,SO34,1134.jpeg
SO035,SO035.webp,Scene & Object,SO,Outdoor,11,PA38,6313.webp
SO036,SO036.jpg,Scene & Object,SO,Outdoor,11,SO144,7001.jpg
SO037,SO037.jpg,Scene & Object,SO,Outdoor,11,SO145,7002.jpg
SO038,SO038.jpg,Scene & Object,SO,Outdoor,11,SO146,7006.jpg
SO039,SO039.jpg,Scene & Object,SO,Still-life,14,SO71,1401.jpg
SO040,SO040.jpg,Scene & Object,SO,Still-life,14,SO72,1402.jpg
SO041,SO041.jpg,Scene & Object,SO,Still-life,14,SO73,1403.jpg
SO042,SO042.jpg,Scene & Object,SO,Still-life,14,SO74,1404.jpg
SO043,SO043.jpg,Scene & Object,SO,Still-life,14,SO75,1405.jpg
SO044,SO044.jpg,Scene & Object,SO,Still-life,14,SO76,1406.jpg
SO045,SO045.jpg,Scene & Object,SO,Still-life,14,SO77,1407.jpg
SO046,SO046.jpg,Scene & Object,SO,Still-life,14,SO78,1408.jpg
SO047,SO047.jpg,Scene & Object,SO,Still-life,14,SO79,1409.jpg
SO048,SO048.jpg,Scene & Object,SO,Still-life,14,SO80,1410.jpg
SO049,SO049.jpg,Scene & Object,SO,Still-life,14,SO81,1411.jpg
SO050,SO050.jpg,Scene & Object,SO,Still-life,14,SO82,1412.jpg
SO051,SO051.jpg,Scene & Object,SO,Still-life,14,SO83,1413.jpg
SO052,SO052.jpg,Scene & Object,SO,Still-life,14,SO84,1414.jpg
SO053,SO053.jpg,Scene & Object,SO,Still-life,14,SO85,1415.jpg
SO054,SO054.jpg,Scene & Object,SO,Still-life,14,SO86,1416.jpg
SO055,SO055.jpg,Scene & Object,SO,Still-life,14,SO87,1417.jpg
SO056,SO056.jpg,Scene & Object,SO,Still-life,14,SO88,1418.jpg
SO057,SO057.jpg,Scene & Object,SO,Still-life,14,SO89,1419.jpg
SO058,SO058.jpg,Scene & Object,SO,Still-life,14,SO90,1420.jpg
SO059,SO059.jpg,Scene & Object,SO,Still-life,14,SO91,1421.jpg
SO060,SO060.jpg,Scene & Object,SO,Still-life,14,SO92,1422.jpg
SO061,SO061.jpeg,Scene & Object,SO,Still-life,14,SO93,1423.jpeg
SO062,SO062.jpeg,Scene & Object,SO,Still-life,14,SO94,1424.jpeg
SO063,SO063.jpeg,Scene & Object,SO,Still-life,14,SO95,1425.jpeg
SO064,SO064.jpg,Scene & Object,SO,Still-life,14,SO96,1426.jpg
SO065,SO065.jpg,Scene & Object,SO,Still-life,14,SO97,1427.jpg
SO066,SO066.jpeg,Scene & Object,SO,Still-life,14,SO98,1428.jpeg
SO067,SO067.jpeg,Scene & Object,SO,Still-life,14,SO99,1429.jpeg
SO068,SO068.jpeg,Scene & Object,SO,Still-life,14,SO100,1430.jpeg
SO069,SO069.jpeg,Scene & Object,SO,Still-life,14,SO101,1431.jpeg
SO070,SO070.jpeg,Scene & Object,SO,Still-life,14,SO102,1432.jpeg
SO071,SO071.jpeg,Scene & Object,SO,Still-life,14,SO103,1433.jpeg
SO072,SO072.jpeg,Scene & Object,SO,Still-life,14,SO104,1434.jpeg
SO073,SO073.jpg,Scene & Object,SO,Still-life,14,SO105,1435.jpg
SO074,SO074.webp,Scene & Object,SO,Still-life,14,SO106,1436.webp
SO075,SO075.jpg,Scene & Object,SO,Still-life,14,SO107,1437.jpg
SO076,SO076.webp,Scene & Object,SO,Still-life,14,SO108,1438.webp
SO077,SO077.jpeg,Scene & Object,SO,Still-life,14,SO109,1439.jpeg
SO078,SO078.jpg,Scene & Object,SO,Animals,12A,SO35,1201.jpg
SO079,SO079.jpg,Scene & Object,SO,Animals,12A,SO36,1202.jpg
SO080,SO080.jpg,Scene & Object,SO,Animals,12A,SO38,1204.jpg
SO081,SO081.jpg,Scene & Object,SO,Animals,12A,SO39,1205.jpg
SO082,SO082.jpg,Scene & Object,SO,Animals,12A,SO41,1207.jpg
SO083,SO083.jpg,Scene & Object,SO,Animals,12A,SO42,1208.jpg
SO084,SO084.jpeg,Scene & Object,SO,Animals,12A,SO43,1209.jpeg
SO085,SO085.png,Scene & Object,SO,Animals,12A,SO44,1210.png
SO086,SO086.webp,Scene & Object,SO,Animals,12A,SO47,1213.webp
SO087,SO087.jpg,Scene & Object,SO,Animals,12A,SO49,1215.jpg
SO088,SO088.jpeg,Scene & Object,SO,Animals,12A,SO51,1217.jpeg
SO089,SO089.webp,Scene & Object,SO,Animals,12A,SO52,1218.webp
SO090,SO090.png,Scene & Object,SO,Animals,12A,SO54,1220.png
SO091,SO091.jpeg,Scene & Object,SO,Animals,12A,SO55,1221.jpeg
SO092,SO092.png,Scene & Object,SO,Animals,12A,SO58,1224.png
SO093,SO093.jpg,Scene & Object,SO,Animals,12A,SO59,1225.jpg
SO094,SO094.jpeg,Scene & Object,SO,Animals,12A,SO60,1226.jpeg
SO095,SO095.jpg,Scene & Object,SO,Animals,12A,SO61,1227.jpg
SO096,SO096.jpeg,Scene & Object,SO,Animals,12A,SO62,1228.jpeg
SO097,SO097.jpg,Scene & Object,SO,Animals,12A,SO64,1230.jpg
SO098,SO098.png,Scene & Object,SO,Animals,12A,SO65,1231.png
SO099,SO099.png,Scene & Object,SO,Animals,12A,SO67,1233.png
SO100,SO100.jpg,Scene & Object,SO,Plants,12P,SO37,1203.jpg
SO101,SO101.jpg,Scene & Object,SO,Plants,12P,SO40,1206.jpg
SO102,SO102.jpg,Scene & Object,SO,Plants,12P,SO45,1211.jpg
SO103,SO103.webp,Scene & Object,SO,Plants,12P,SO46,1212.webp
SO104,SO104.webp,Scene & Object,SO,Plants,12P,SO48,1214.webp
SO105,SO105.webp,Scene & Object,SO,Plants,12P,SO50,1216.webp
SO106,SO106.jpg,Scene & Object,SO,Plants,12P,SO53,1219.jpg
SO107,SO107.jpeg,Scene & Object,SO,Plants,12P,SO56,1222.jpeg
SO108,SO108.jpeg,Scene & Object,SO,Plants,12P,SO57,1223.jpeg
SO109,SO109.jpeg,Scene & Object,SO,Plants,12P,SO63,1229.jpeg
SO110,SO110.jpeg,Scene & Object,SO,Plants,12P,SO66,1232.jpeg
SO111,SO111.jpeg,Scene & Object,SO,Plants,12P,SO68,1234.jpeg
SO112,SO112.jpg,Scene & Object,SO,Plants,12P,SO69,1235.jpg
SO113,SO113.webp,Scene & Object,SO,Plants,12P,SO70,1236.webp
SO114,SO114.jpg,Scene & Object,SO,Transport,15,SO110,1501.jpg
SO115,SO115.jpg,Scene & Object,SO,Transport,15,SO111,1502.jpg
SO116,SO116.jpg,Scene & Object,SO,Transport,15,SO112,1503.jpg
SO117,SO117.jpg,Scene & Object,SO,Transport,15,SO113,1504.jpg
SO118,SO118.jpg,Scene & Object,SO,Transport,15,SO114,1505.jpg
SO119,SO119.jpg,Scene & Object,SO,Transport,15,SO115,1506.jpg
SO120,SO120.jpg,Scene & Object,SO,Transport,15,SO116,1507.jpg
SO121,SO121.png,Scene & Object,SO,Transport,15,SO117,1508.png
SO122,SO122.png,Scene & Object,SO,Transport,15,SO118,1510.png
SO123,SO123.jpg,Scene & Object,SO,Transport,15,SO119,1511.jpg
SO124,SO124.jpg,Scene & Object,SO,Transport,15,SO120,1512.jpg
SO125,SO125.webp,Scene & Object,SO,Transport,15,SO121,1513.webp
SO126,SO126.jpeg,Scene & Object,SO,Transport,15,SO122,1514.jpeg
SO127,SO127.jpg,Scene & Object,SO,Transport,15,SO123,1515.jpg
SO128,SO128.webp,Scene & Object,SO,Transport,15,SO124,1516.webp
SO129,SO129.jpg,Scene & Object,SO,Transport,15,SO125,1517.jpg
SO130,SO130.webp,Scene & Object,SO,Transport,15,SO126,1518.webp
SO131,SO131.jpg,Scene & Object,SO,Transport,15,SO127,1519.jpg
SO132,SO132.jpg,Scene & Object,SO,Food,62,SO128,6201.jpg
SO133,SO133.jpg,Scene & Object,SO,Food,62,SO129,6202.jpg
SO134,SO134.jpg,Scene & Object,SO,Food,62,SO130,6203.jpg
SO135,SO135.jpg,Scene & Object,SO,Food,62,SO131,6204.jpg
SO136,SO136.jpg,Scene & Object,SO,Food,62,SO132,6205.jpg
SO137,SO137.jpg,Scene & Object,SO,Food,62,SO133,6206.jpg
SO138,SO138.jpg,Scene & Object,SO,Food,62,SO134,6207.jpg
SO139,SO139.jpg,Scene & Object,SO,Food,62,SO135,6208.jpg
SO140,SO140.jpg,Scene & Object,SO,Food,62,SO136,6209.jpg
SO141,SO141.jpg,Scene & Object,SO,Food,62,PA34,6309.jpg
SO142,SO142.jpg,Scene & Object,SO,Photo,64,SO137,6401.jpg
SO143,SO143.jpeg,Scene & Object,SO,Photo,64,SO138,6402.jpeg
SO144,SO144.jpeg,Scene & Object,SO,Photo,64,SO139,6403.jpeg
SO145,SO145.jpeg,Scene & Object,SO,Photo,64,SO140,6404.jpeg
SO146,SO146.jpeg,Scene & Object,SO,Photo,64,SO141,6405.jpeg
SO147,SO147.jpeg,Scene & Object,SO,Photo,64,SO142,6406.jpeg
SO148,SO148.jpeg,Scene & Object,SO,Photo,64,SO143,6407.jpeg
TI001,TI001.jpg,Text & Interface,TI,Mobile,21,TI1,2101.jpg
TI002,TI002.jpg,Text & Interface,TI,Mobile,21,TI2,2102.jpg
TI003,TI003.jpg,Text & Interface,TI,Mobile,21,TI3,2103.jpg
TI004,TI004.jpg,Text & Interface,TI,Mobile,21,TI4,2104.jpg
TI005,TI005.jpg,Text & Interface,TI,Mobile,21,TI5,2105.jpg
TI006,TI006.jpg,Text & Interface,TI,Mobile,21,TI6,2106.jpg
TI007,TI007.jpg,Text & Interface,TI,Mobile,21,TI7,2107.jpg
TI008,TI008.jpg,Text & Interface,TI,Mobile,21,TI8,2108.jpg
TI009,TI009.webp,Text & Interface,TI,Mobile,21,TI9,2109.webp
TI010,TI010.webp,Text & Interface,TI,Mobile,21,TI40,7005.webp
TI011,TI011.jpeg,Text & Interface,TI,Web,22,TI10,2201.jpeg
TI012,TI012.png,Text & Interface,TI,Web,22,TI11,2202.png
TI013,TI013.jpeg,Text & Interface,TI,Web,22,TI12,2203.jpeg
TI014,TI014.jpeg,Text & Interface,TI,Web,22,TI13,2204.jpeg
TI015,TI015.jpeg,Text & Interface,TI,Web,22,TI14,2205.jpeg
TI016,TI016.png,Text & Interface,TI,Web,22,TI39,7004.png
TI017,TI017.png,Text & Interface,TI,Docs,33,TI27,3301.png
TI018,TI018.webp,Text & Interface,TI,Docs,33,TI28,3302.webp
TI019,TI019.jpeg,Text & Interface,TI,Docs,33,TI29,3303.jpeg
TI020,TI020.jpeg,Text & Interface,TI,Docs,33,TI30,3304.jpeg
TI021,TI021.webp,Text & Interface,TI,Docs,33,TI31,3305.webp
TI022,TI022.webp,Text & Interface,TI,Docs,33,TI32,3306.webp
TI023,TI023.jpeg,Text & Interface,TI,Diagram,34,TI33,3401.jpeg
TI024,TI024.webp,Text & Interface,TI,Diagram,34,TI34,3402.webp
TI025,TI025.jpeg,Text & Interface,TI,Diagram,34,TI35,3403.jpeg
TI026,TI026.jpeg,Text & Interface,TI,Diagram,34,TI36,3404.jpeg
TI027,TI027.jpeg,Text & Interface,TI,Diagram,34,TI37,3405.jpeg
TI028,TI028.jpeg,Text & Interface,TI,Diagram,34,TI38,3406.jpeg
TI029,TI029.jpg,Text & Interface,TI,Device,24,TI15,2401.jpg
TI030,TI030.jpg,Text & Interface,TI,Device,24,TI16,2402.jpg
TI031,TI031.jpeg,Text & Interface,TI,Device,24,TI17,2403.jpeg
TI032,TI032.jpg,Text & Interface,TI,Device,24,TI18,2404.jpg
TI033,TI033.jpg,Text & Interface,TI,Dialog,25,TI19,2501.jpg
TI034,TI034.jpeg,Text & Interface,TI,Dialog,25,TI20,2502.jpeg
TI035,TI035.png,Text & Interface,TI,Dialog,25,TI21,2503.png
TI036,TI036.webp,Text & Interface,TI,Dialog,25,TI22,2504.webp
TI037,TI037.jpeg,Text & Interface,TI,Slides,31,TI23,3101.jpeg
TI038,TI038.jpeg,Text & Interface,TI,Slides,31,TI24,3102.jpeg
TI039,TI039.jpg,Text & Interface,TI,Docs,32,TI25,3201.jpg
TI040,TI040.webp,Text & Interface,TI,Docs,32,TI26,3202.webp
